id,commonName,scientificName,family,origin,description,ecologicalRole,rosarioPresence,floweringSeason,foliageType,badgeEmoji,tags,isDyePlant,dyeYieldLevel,usedParts,pigmentCompounds,colorCategoria,colores,mordantes,telas,solidez,extraccion,etica,cultural,fotoUrl
aguaribay,Aguaribay,Schinus areira (syn. Schinus molle),Anacardiaceae,Nativa (Argentina / Litoral),Árbol resinoso de gran porte y copa péndula similar a un sauce. Muy aromático al estrujar sus hojas compuestas. Muy resistente a las sequías y vientos del Río Paraná.,"Excelente retenedor de suelo en barrancas, refugio de aves passeriformes y generador de microclima fresco en plazas áridas.","Presente en grandes ejemplares en Parque Urquiza, Bosque de los Constituyentes, Parque Alem y canteros amplios de Av. Belgrano y Circunvalación.",Primavera - Frutos en verano y otoño,Perennifolio,🌿,Nativa | Tintórea Destacada | Hojas aromáticas | Fruto rosado | Barranca del Paraná,sí,Muy Alto,Hojas y ramillas tiernas caídas | Frutos maduros de pimienta rosa desprendidos,Quercetina | Miricetina | Flavonoles | Taninos hidrolizables,amarillo_dorado,Amarillo Solar Brillante=#E5A93C;Verde Oliva Musgo=#6B8E23;Mostaza Dorado=#C68B25;Pardo Canela Suave=#9A6B43,Alumbre de potasio (15% sobre peso fibra) | Sulfato de hierro (2% para virar a verde oliva),Lana ovina | Seda natural | Algodón pretratado con taninos / leche de soja,Alta (resistente a luz),Picar 100g de hojas caídas por cada 100g de lana seca. Macerar en agua de lluvia durante 12 h. Calentar a 80°C (sin hervir a borbotones para conservar el brillo del flavonoide) durante 45 minutos. Colar el baño e introducir la fibra mordentada.,"Recolectar exclusivamente hojas y ramillas caídas en el césped tras vientos, o frutos rosados caídos. No quebrar ramas del arbolado público de Rosario.","Considerado el ""Árbol Sagrado de los Incas"" y ampliamente adoptado en las estancias y caminos santafesinos coloniales como sombra y tinte textil.",
algarrobo_blanco,Algarrobo Blanco,Neltuma alba (syn. Prosopis alba),Fabaceae,Nativa (Argentina / Litoral),"Árbol sagrado del Gran Chaco y Espinal, de madera durísima, copa extendida y chauchas leguminosas curvadas ricas en azúcares y taninos.",Mejorador radical de la calidad del suelo por fijación simbiótica de nitrógeno; sus chauchas alimentan la fauna autóctona.,"Conservado y protegido en el Bosque de los Constituyentes (senda botánica de nativas), vivero municipal y sector de especies nativas de Parque Independencia.",Primavera (Octubre a Noviembre),Caducifolio,🪵,Nativa Sagrada | Herencia Textil Aborigen | Marrones Terrosos | Resistencia Extrema,sí,Muy Alto,Chauchas o vainas secas no comestibles del suelo | Aserrín de podas o corteza desprendida,Polifenoles complejos | Taninos condensados | Flavonoides,marron_tabaco,Pardo Tabaco Monte=#5D4037;Café Dorado Litoral=#795548;Negro Azabache Chaco-Santafesino=#212121;Ocre Tostado Claro=#9C6F44,Sulfato de hierro para negros | Alumbre para tonos café con leche y habano,Lana criolla | Algodón | Fibras de caraguatá y chaguar,Alta (resistente a luz),Machacar las vainas secas caídas. Dejar en remojo 24 horas. Hervir suavemente a fuego lento durante 1 hora y media. Con sulfato ferroso precipita un negro azabache de máxima permanencia.,Las chauchas caídas en el Bosque de los Constituyentes se juntan del suelo sin tocar las ramas espinosas.,Pilar de la economía y vestimenta de las comunidades originarias del norte santafesino (mocovíes y tobas). Teñían el chaguar y la lana con sus chauchas y tierra ferrífera.,
casuarina,Casuarina,Casuarina equisetifolia,Casuarinaceae,Exótica Adaptada,"Árbol de porte esbelto similar a un pino, pero angiosperma, con finas ramillas verdes articuladas y pequeños conos leñosos semejantes a piñitas.",Excelente cortavientos costero y fijador de dunas y orillas frente a las brisas del río.,"Grandes bosquecillos en el Bosque de los Constituyentes, Parque Urquiza y Costanera Norte.",Primavera,Perennifolio,🌲,Cortaviento Ribereño | Piñitas Leñosas | Castaños Cobrizos,sí,Alto,"Conos (""piñitas"") secos caídos en el suelo | Ramillas secas desprendidas",Taninos condensados (catequinas) | Ligninas,marron_tabaco,Marrón Cobrizo Bosque=#8B4513;Pardo Canela Tostado=#703612;Gris Carbón Grafito=#374151,Alumbre de potasio | Sulfato ferroso,Lana | Algodón | Lino,Alta (resistente a luz),Hervir 150g de piñitas secas recolectadas del suelo durante 1 hora. Colar el líquido denso e introducir la fibra.,El suelo bajo los montes de casuarina suele estar cubierto de millares de piñitas secas. Facilísimo de juntar sin dañar el árbol.,Muy popular en las islas del Delta y costas del Plata por su alta permanencia y resistencia al agua de lavado.,
ceibo,Ceibo,Erythrina crista-galli,Fabaceae,Nativa (Argentina / Litoral),"Árbol hidrofilo ribereño de madera blanda, corteza suberosa y flores de color rojo escarlata brillante aterciopeladas dispuestas en racimos. Flor Nacional de Argentina.","Consolidador esencial de márgenes fluviales e islas del Delta del Paraná, tolerante a crecidas e inundaciones temporarias.","Abundante alrededor del laguito del Parque Independencia, a lo largo de la ribera del Monumento a la Bandera, Parque de España, La Florida y Bosque de los Constituyentes.",Primavera y verano (Octubre a Marzo),Caducifolio,🌺,Flor Nacional | Nativa Ribereña | Rosa y Coral Textil | Río Paraná,sí,Alto,Pétalos caídos maduros carmesí (recolectados del suelo) | Corteza suberosa de podas municipales,Antocianinas (pelargonidina y cianidina) | Eritrina | Taninos catéquicos,rosa_coral,Rosa Palo Melocotón=#D47C85;Coral Terracota Suave=#E07A5F;Beige Ocre Tostado=#B58A63;Lavanda Ahumado=#8C7A87,Alumbre de potasio (12%) | Cremor tártaro (4% como estabilizador de brillo),Lana pura | Seda cruda,Media-Alta,Recolectar 150g de flores caídas del suelo. Macerar en agua a 60°C (temperatura moderada para que las antocianinas no se pardeen por calor excesivo). Teñir lana peinada mordentada con alumbre.,Las flores caen en profusión alfombrando el suelo bajo los árboles del Rosedal y orillas del Laguito. Juntar solo las caídas limpias.,"Símbolo cultural de Rosario y Argentina. En el cancionero popular y la memoria de los pueblos costeros del Paraná, la flor del ceibo tiñó lienzos caseros.",
crespon,Crespón,Lagerstroemia indica,Lythraceae,Exótica Adaptada,"Arbolito de vereda angosta con tronco liso muy escultural jaspeado y una floración veraniega copiosa con pétalos rizados fucsias, lilas y blancos.",Ideal para veredas angostas de Rosario donde no caben árboles de gran porte; polinizadores en época cálida.,"Más de 10.000 ejemplares en veredas angostas de barrios República de la Sexta, Arroyito, Echesortu y Pichincha.",Todo el verano (Diciembre a Marzo),Caducifolio,🌺,Veredas Angostas | Flores Rizadas de Verano | Tronco Escultural | No Tintórea,no,Experimental,,,rosa_coral,,,,Media-Alta,No utilizado para tintes textiles por su baja solidez y escasa concentración tanínica.,No arrancar las flores rizadas de las aceras residenciales.,Muy elegido por los vecinos rosarinos para frentes de viviendas por sus raíces no invasivas.,
curupi,Curupí,Sapium haematospermum,Euphorbiaceae,Nativa (Argentina / Litoral),Árbol costero del Paraná de corteza agrietada y látex blanquecino en sus tejidos. Sus hojas se tornan rojas y violáceas antes de caer en otoño.,Colonizador pionero de playas e islas de arena frente a Rosario; resiste grandes crecidas del río.,"Costanera Norte, desembocadura del Arroyo Ludueña en Parque Alem y orillas húmedas del Bosque de los Constituyentes.",Primavera tardía,Caducifolio,🌿,Nativa Ribereña | Costanera del Paraná | Tintes Verdosos Ahumados,sí,Medio,Hojas otoñales maduras secas caídas,Taninos gálicos | Pigmentos resinosos,verde_oliva,Verde Oliva Ahumado=#556B2F;Pardo Verdoso Río Paraná=#4A5335;Beige Arcilloso=#A39171,Alumbre de potasio | Sulfato ferroso,Algodón | Lino,Media-Alta,Utilizar exclusivamente hojas otoñales secas (evitar ramas vivas con látex). Hervir 40 minutos y teñir telas previamente preparadas.,Precaución: el látex de las ramas verdes es irritante. Usar solo hojas secas caídas del suelo.,Tradicionalmente usado en las islas frente a Rosario como tintórea vegetal y adhesivo artesanal.,
espinillo,Espinillo,Vachellia caven (syn. Acacia caven),Fabaceae,Nativa (Argentina / Litoral),Árbol emblemático del bioma Espinal en Santa Fe. Posee flores pomponiformes amarillas intensamente perfumadas y vainas leñosas oscuras cilíndricas.,Fijador natural de nitrógeno en el suelo mediante simbiosis bacteriana; sustento indispensable para abejas nativas y orugas de mariposas.,"Especie insignia en el Bosque de los Constituyentes (sector del Espinillal nativo), riberas del arroyo Ludueña y Parque Scalabrini Ortiz.",Finales de invierno a primavera temprana (Agosto-Octubre),Caducifolio,🌼,Nativa Regional | Emblema del Espinal | Tinte Ferrogálico | Perfume Primaveral,sí,Muy Alto,Flores amarillas desprendidas (primavera) | Chauchas o vainas negras caídas secas (otoño-invierno),Ácido gálico | Catequinas | Taninos condensados (hasta 20% en fruto) | Flavonoides florales,marron_tabaco,Amarillo Dorado Aromo=#F4C430;Pardo Tabaco Profundo=#4A2E18;Negro Azabache Tradicional=#1C1917;Gris Pizarra Mineral=#4B5563,Sulfato de hierro (reacción inmediata con taninos para negros y grises) | Alumbre de potasio,Lana | Algodón agroecológico | Lino | Yute,Alta (resistente a luz),Con vainas secas: triturar 50g de chauchas leñosas secas caídas. Hervir a fuego medio durante 1 hora. Con sulfato ferroso (agua ferruginosa con clavos oxidados o sal ferrosa de botica) se transforma en negro oscuro indeleble.,Juntar las vainas secas directamente del suelo durante el otoño/invierno rosarino. Las chauchas en el suelo tienen su máxima carga de taninos.,Históricamente utilizado por artesanos criollos del litoral santafesino para curtir cueros y teñir mantas y ponchos de negro sin químicos sintéticos.,
eucalipto,Eucalipto,Eucalyptus camaldulensis / Eucalyptus cinerea,Myrtaceae,Exótica Adaptada,Árbol colosal de corteza exfoliante en placas multicolor y follaje aromático glauco con alto contenido de aceites esenciales (eucaliptol).,Drenaje de suelos anegadizos históricos y refugio de avifauna en grandes parques periféricos.,"Enormes montes y alineaciones en el Parque Scalabrini Ortiz, Parque Alem, Parque Independencia y Bosque de los Constituyentes.",Verano,Perennifolio,🍃,Reina del Eco-Print | Tinte Sustantivo Potente | Naranjas Óxido | Hojas Aromáticas,sí,Muy Alto,Hojas caídas aromáticas (frescas y secas) | Placas de corteza que el tronco descascara solo en verano,Cineol | Taninos elágicos | Eucaliptina | Rutin,naranja_terracota,Naranja Óxido Austral=#D35400;Terracota Cobrizo Profundo=#A04000;Verde Oliva Forestal=#445522;Dorado Cobrizo=#B87333,Ninguno necesario (altamente sustantivo) | Hierro para estampación botánica directa (Eco-print),Lana | Seda | Algodón | Lino,Alta (resistente a luz),"Hervir 100g de hojas caídas en agua durante 1 hora (libera un delicioso aroma mentolado). Dejar enfriar. Para ecoprint: colocar hojas enteras sobre tela mordentada con hierro, enrollar en palo y cocinar al vapor 1.5 horas.",El árbol expulsa constantemente toneladas de hojas secas y cortezas que cubren el suelo de Parque Scalabrini Ortiz. Juntar siempre del suelo.,"Es el material predilecto de las artistas textiles del Litoral para la técnica de ""ecoprint"" o impresión botánica en contacto.",
ficus_benjamina,Ficus Benjamina,Ficus benjamina,Moraceae,Exótica Adaptada,"Árbol perennifolio de follaje tupido verde brillante. Aunque popular en interiores, en Rosario muchos crecieron en veredas alcanzando gran porte.",Sombra permanente todo el año.,Unos 9.000 ejemplares en veredas residenciales céntricas y de Macrocentro.,Insignificante (Sicono cerrado),Perennifolio,🪴,Follaje Perenne | No Tintórea | Veredas Residenciales,no,Experimental,,,amarillo_dorado,,,,Media-Alta,No apto para teñido textil. Su látex blanco gomoso dificulta cualquier extracción tintórea limpia.,No desgajar ramas.,Plantado masivamente en las décadas de 1980 y 1990 en aceras residenciales.,
fresno_americano,Fresno Americano,Fraxinus pennsylvanica,Oleaceae,Exótica Adaptada,El árbol más representativo y abundante de las calles de Rosario: constituye entre el 36% y 39% de todo el arbolado de alineación de la ciudad. Copa redondeada y follaje verde claro que amarillea en otoño.,"Esencial para la climatización urbana de Rosario: genera sombra densa en verano, protege el asfalto del sol abrasador y permite el paso del sol invernal al perder sus hojas.","El rey de las veredas: presente en más de 85.000 veredas de todos los distritos de Rosario (Centro, Sur, Norte, Noroeste, Oeste, Sudoeste).",Primavera temprana (antes de las hojas),Caducifolio,🌳,Rey del Arbolado de Rosario | 38% del Censo Urbano | Sombra Estival | No Tintórea,no,Experimental,,,amarillo_dorado,,,,Media-Alta,No se utiliza para teñido textil. Su valor en Rosario radica en su aporte de sombra estival y purificación ambiental.,No recolectar para teñido. Dejar cumplir su función de arbolado de alineación en las veredas.,Fue la especie más plantada durante la segunda mitad del siglo XX en Rosario por su rápido crecimiento y excelente tolerancia a las podas de cableado.,
granado,Granado,Punica granatum,Lythraceae,Exótica Adaptada,Arbusto grande o arbolito de flores anaranjadas en forma de copa y fruto esférico de cáscara coriácea y semillas translúcidas rubíes.,Refugio de mariposas y colibríes en huertas públicas y jardines botánicos.,"En huertas comunitarias públicas, sector del Jardín Francés (Parque Independencia) y patios históricos del casco fundacional.",Primavera - Frutos en otoño,Caducifolio,🍎,Reina del Amarillo Textil | Cáscara Rica en Taninos | Tinta Negra con Hierro,sí,Muy Alto,Cáscaras del fruto secas deshidratadas,Granatonina | Punicalagina | Ácido elágico (hasta 28% de taninos),amarillo_dorado,Amarillo Canario Puro=#E4B022;Verde Oliva Profundo=#556B2F;Negro Azabache Indeleble=#1A1A1A;Dorado Bronce Suave=#B8973A,Alumbre de potasio | Sulfato de hierro,Algodón orgánico | Lana | Seda | Lino,Alta (resistente a luz),Picar y remojar 50g de cáscara seca durante 12 h. Hervir 40 minutos. Es el mejor mordiente y tinte de base del mundo botánico.,Aprovechar las cáscaras de granadas maduras caídas en huertas urbanas o ferias.,Planta tintórea milenaria usada desde la antigüedad; en Rosario es indispensable para la base de teñido en talleres de fibras vegetales.,
jacaranda,Jacarandá,Jacaranda mimosifolia,Bignoniaceae,Nativa (Argentina / Litoral),Árbol de copa aparasolada y follaje plumoso que se cubre en noviembre de una floración celeste-violácea que decora calles y genera alfombras lilas en el suelo.,Atracción primordial de polinizadores nativos y amortiguador estival de la temperatura en el asfalto rosarino.,"Más de 6.700 árboles en veredas de Rosario; grandes ejemplares en Parque de la Independencia, Av. Pellegrini, Plaza Pringles, Bv. Oroño y Parque Scalabrini Ortiz.",Primavera (Noviembre) y una segunda floración suave en otoño (Marzo),Caducifolio,💜,Nativa | Alfombra Violeta | Tinte Lavanda y Olivas | Noviembre Rosarino,sí,Medio,Flores lilas caídas frescas (en alfombras de aceras) | Hojas secas caídas,Delfinidina | Cianidina | Luteolina | Flavonas,lavanda_azulado,Lavanda Ahumado Suave=#7B6888;Azul Pizarra Agrecisado=#5C6B73;Verde Caqui Tierno=#708238;Gris Grafito Tostado=#636569,Alumbre de potasio | Sal marina gruesa como mordiente suave no metálico,Seda cruda | Lana merino fina | Lino,Media (proteger del sol directo),Juntar flores recién caídas durante la mañana de noviembre. Macerar en agua tibia (50°C máx) sin hervir para preservar las antocianinas violetas. Teñir fibras proteicas (lana o seda) previamente alumbres.,Las flores caen por miles cada día de noviembre en las veredas de Rosario. Recolectar del pavimento o césped libre de tierra.,Inmortalizado por poetas y cantantes argentinos; en los talleres textiles de Rosario es la especie favorita para explorar tonalidades lavandas primaverales.,
lapacho_rosado,Lapacho Rosado,Handroanthus impetiginosus (syn. Tabebuia impetiginosa),Bignoniaceae,Nativa (Argentina / Litoral),"Árbol monumental que florece de manera espectacular antes de que broten sus hojas verdes, tiñendo el dosel urbano de Rosario con un manto rosa fucsia.",Provee copioso néctar invernal para colibríes y abejas solitarias cuando la mayor parte de la vegetación aún duerme.,"Magníficos ejemplares en Plaza San Martín, Bulevar Oroño, Parque Urquiza, Parque Independencia y avenidas Pellegrini y Francia.",Fines de invierno / Principio de primavera (Agosto - Septiembre),Caducifolio,🌸,Nativa Emblemática | Floración Invernal Espectacular | Pigmento Lapachol | Bv. Oroño,sí,Muy Alto,Aserrín o virutas de madera/corteza desprendida de podas autorizadas | Flores rosadas caídas,Lapachol (naftoquinona reactiva al pH) | Flavonoides | Taninos,naranja_terracota,Naranja Ladrillo Lapachol=#C85A32;Mostaza Tostado Dorado=#C99E32;Borravino / Púrpura Imperial=#6D2B43;Pardo Nogal Cálido=#7D4E2D,Alumbre de potasio | Agua de cal o ceniza de leña (para revelar la fase púrpura/vino),Lana | Algodón | Lino | Seda,Alta (resistente a luz),"Con aserrín de poda: 50g de aserrín en 2 litros de agua. Hervir 45 min. Al filtrar, el líquido es dorado anaranjado. Al agregar unas gotas de ceniza o carbonato sódico cambia a un rojo borgoña al instante por el Lapachol.","Se utiliza exclusivamente restos de poda triturada proporcionados por jardineros de plazas o vivero municipal, o pétalos caídos en las veredas.","El ""Lapachol"" es estudiado en la Universidad Nacional de Rosario (UNR) tanto por sus aplicaciones tintóreas textiles como por sus propiedades farmacológicas.",
liquidambar,Liquidámbar,Liquidambar styraciflua,Altingiaceae,Exótica Adaptada,"Árbol piramidal famoso por su follaje estrellado que vira en otoño a una sinfonía de amarillos, naranjas, púrpuras y rojos borravinos.",Aporte de belleza paisajística estacional y alimento para aves granívoras mediante sus cápsulas globosas erizadas.,"Más de 7.600 ejemplares en veredas de Rosario (especialmente en barrios Martin, Pichincha, Echesortu y Parque de las Colectividades).",Primavera,Caducifolio,🍁,Otoño Dorado y Rojo | Hojas Estrelladas | Ámbar y Ocres,sí,Alto,Hojas otoñales caídas de tonos rojos y púrpuras | Cápsulas espinosas secas caídas,Antocianinas otoñales | Taninos condensados | Ácido shikímico,amarillo_dorado,Ámbar Dorado Otoñal=#C68B59;Ocre Rojizo Cobrizo=#A44A3F;Verde Pardo Musgo=#585E3E,Alumbre de potasio,Lana | Seda | Algodón,Alta (resistente a luz),Juntar las hojas caídas en mayo y junio en aceras de Rosario. Hervir suavemente a 70°C durante 45 minutos. Colar e introducir el textil.,Las hojas caen en alfombras en mayo sobre veredas de Pichincha y Parque de las Colectividades. Recolectar del suelo.,Muy apreciado en el diseño textil experimental rosarino por su disponibilidad masiva en el otoño urbano.,
magnolia_grandiflora,Magnolia Grandiflora,Magnolia grandiflora,Magnoliaceae,Exótica Adaptada,"Árbol majestuoso de hojas coriáceas verde brillante en el haz y tomentosas herrumbrosas en el envés, con flores blancas gigantes muy perfumadas.",Especie monumental que proporciona sombra perenne y refugio de pájaros durante todo el año.,"Ejemplares centenarios en Plaza San Martín, Parque Independencia y jardines de casonas históricas de Bv. Oroño.",Primavera tardía y Verano,Perennifolio,🤍,Flores Gigantes Blancas | Plaza San Martín | Hojas Lustrosas | No Tintórea,no,Experimental,,,amarillo_dorado,,,,Media-Alta,Uso estrictamente ornamental y paisajístico. No se emplea para tinción textil.,Prohibido arrancar sus flores gigantes.,Símbolo de la arquitectura señorial de fines de siglo XIX en el centro de Rosario.,
morera,Morera Negra,Morus nigra / Morus alba,Moraceae,Exótica Adaptada,Árbol frondoso de ramas tortuosas y frutos compuestos carnosos comestibles que manchan intensamente de violeta.,"Fruto altamente consumido por aves urbanas como benteveos, zorzales y calandrias.","Plaza López, Plaza Buratovich, Bosque de los Constituyentes y veredas de barrios residenciales tradicionales.",Primavera - Frutos en primavera tardía (Octubre-Noviembre),Caducifolio,🫐,Fruto Violeta | Tinte Morado Intenso | Hojas para Amarillos,sí,Alto,Moras maduras caídas (frutos oscuros) | Hojas verdes de poda estival,Cianidina-3-glucósido (antocianina en frutos) | Quercetina (en hojas),lavanda_azulado,Púrpura Mora Silvestre=#6A2E53;Lavanda Ciruela Agrecisado=#8C6D85;Amarillo Lima Herbal=#8A9A5B,Alumbre de potasio | Vinagre para fijar antocianinas ácidas,Lana pura | Seda,Media (proteger del sol directo),"Con moras: machacar los frutos caídos maduros, añadir vinagre blanco para estabilizar pH ácido. Teñir en frío o a 50°C. Con hojas: hervir a 80°C.",Las moras caen al suelo manchando las veredas en noviembre; recolectar los frutos antes de que se pisen.,Tradicionalmente usado para tintas caseras e ilustración botánica en escuelas y talleres populares.,
palmera_pindo,Palmera Pindó,Syagrus romanzoffiana,Arecaceae,Nativa (Argentina / Litoral),Palmera nativa del litoral argentino de tronco anillado grisáceo y frondas plumosas arqueadas de color verde intenso. Produce racimos colgantes de dátiles anaranjados.,"Alimento fundamental para loros barranqueros, tucanes y murciélagos frugívoros; ícono paisajístico de la Cuenca del Plata.","Canteros centrales de Bulevar Oroño, explanada del Monumento Nacional a la Bandera, Parque de la Independencia y Costanera del Paraná.",Primavera a Verano,Perennifolio,🌴,Nativa Litoral | Postal de Bv. Oroño | Fronda Plumosa | No Tintórea,no,Experimental,,,amarillo_dorado,,,,Media-Alta,"No tiene aplicaciones tintóreas significativas. Su valor es paisajístico, ornamental y de biodiversidad urbana.",Respetar los ejemplares en canteros centrales.,"Elemento distintivo del perfil costero y los bulevares de Rosario, evocando la selva en galería del Delta.",
palo_borracho,Palo Borracho Rosado,Ceiba speciosa (syn. Chorisia speciosa),Malvaceae,Nativa (Argentina / Litoral),"Árbol de tronco ventrudo y verdoso cubierto de aguijones cónicos, flores rosadas espectaculares con centro crema manchado y frutos con fibra algodonosa (paineira).",Acumulador de agua en su tronco bulboso; flores muy visitadas por mariposas esfíngidas nocturnas.,"Plaza Belgrano, Parque Urquiza, Parque Scalabrini Ortiz, Parque Independencia y canteros de Av. Belgrano.",Finales de verano y otoño (Marzo a Mayo),Caducifolio,🌸,Nativa Argentina | Tronco Ventrudo | Flores Rosadas de Otoño | Paineira,sí,Medio,Pétalos caídos tras la floración otoñal | Fibras interiores secas de la cáscara del fruto,Flavonoles | Taninos | Antocianinas,rosa_coral,Rosa Té Apastelado=#CCA09A;Beige Tostado Yuchán=#BFA287;Gris Malva Ahumado=#7E767E,Alumbre de potasio,Lana pura | Seda,Media-Alta,Macerar pétalos caídos en agua tibia durante unas horas. Cocinar a 65°C para no degradar los matices rosados suaves.,No trepar al tronco debido a sus espinas protectoras. Juntar pétalos del césped tras las tardes de otoño.,"Su ""lana vegetal"" (paineira) fue usada por pueblos del Chaco para rellenos, y los tintes de sus pétalos para adornar textiles ceremoniales.",
paraiso,Paraíso,Melia azedarach,Meliaceae,Exótica Adaptada,"Árbol rústico de copa redondeada, flores lilas perfumadas y drupas esféricas amarillentas persistentes en invierno.",Sombra barrial en zonas periféricas.,"Más de 7.100 ejemplares en veredas de distritos Oeste, Sur y Noroeste, y plazas barriales.",Primavera,Caducifolio,🌳,Frutos Tóxicos | Sombra Barrial | No Tintórea Textil | Exótica,no,Experimental,,,amarillo_dorado,,,,Media-Alta,No se debe usar: sus frutos contienen meliatoxinas neurotóxicas que los hacen desaconsejados para manipulación textil.,No ingerir ni manipular frutos.,Muy común en veredas antiguas de barrios obreros rosarinos.,
platano,Plátano de Sombra,Platanus x hispanica (syn. Platanus acerifolia),Platanaceae,Exótica Adaptada,"Árbol urbano corpulento de gran longevidad, con tronco jaspeado en placas verdosas y grisáceas y hojas lobuladas similares a las del arce.",Poderoso filtro biológico de polución en calles céntricas de Rosario; baja hasta 4°C la temperatura ambiente bajo su bóveda foliar.,"Más de 11.500 ejemplares en veredas de Rosario; clásico de calles céntricas (Rioja, Maipú, Laprida, Santa Fe, Córdoba) y Parque de la Independencia.",Primavera,Caducifolio,🍁,Árbol Clásico del Centro | Sombra Monumental | Corteza Descascarada | Tonos Camel,sí,Alto,Placas de corteza leñosa que el tronco expulsa en verano | Hojas tostadas caídas de otoño,Taninos elágicos | Flavonoides | Ligninas oxidadas,marron_tabaco,Beige Camel Cálido=#C29B61;Arena Dorado Otoñal=#D2B48C;Canela Caramelo=#A77942;Gris Pardo Pizarra=#5E5448,Alumbre de potasio (15%) | Hierro para tonos taupe y pardo frío,Algodón | Lino rústico | Lana,Alta (resistente a luz),Recolectar las láminas de corteza que caen solas en veredas durante enero y febrero. Hervir 150g en agua durante 45 minutos. Colar y teñir algodón pre-mordentado con alumbre.,No arrancar las cortezas adheridas al tronco; recolectar únicamente las lajas caídas en veredas o canteros.,Muy empleado en talleres de ecodiseño urbano de Rosario por ser un residuo de biomasa abundante en aceras de la ciudad.,
sauce_lloron,Sauce Llorón,Salix babylonica,Salicaceae,Exótica Adaptada,"Árbol de ramas colgantes y flexibles que tocan el suelo o la superficie del agua, creando cortinas verdes líricas.",Asociado a cuerpos de agua; sus raíces estabilizan márgenes de lagos artificiales.,Bordeando la orilla de la lagunita del Parque de la Independencia (donde navegan los botecitos) y Parque Alem.,Primavera temprana,Caducifolio,🌿,Laguito del Parque Independencia | Ramas Péndulas | Paisajismo Clásico | No Tintórea,no,Experimental,,,amarillo_dorado,,,,Media-Alta,"Aunque contiene salicilatos y taninos suaves, no es considerado una tintórea textil de uso convencional en Rosario.",No quebrar las ramas colgantes sobre el lago.,Postal clásica del Parque Independencia desde su inauguración en 1902.,
tala,Tala,Celtis ehrenbergiana (syn. Celtis tala),Cannabaceae,Nativa (Argentina / Litoral),"Árbol autóctono de ramas en zigzag con espinas rectas apareadas, corteza gris clara y pequeños frutos anaranjados comestibles.",Especie clave de la selva en galería y barrancas del Paraná. Sus raíces afirman terrenos escarpados y sus frutos nutren aves silvestres.,"En las barrancas del Parque de España, barranca de Parque Urquiza y en el sector autóctono del Bosque de los Constituyentes.",Primavera,Caducifolio,🌱,Nativa de Barranca | Protector del Suelo | Tintes Ocre y Verde Caqui,sí,Medio,Ramas podadas secas del suelo | Hojas desprendidas,Flavonas | Taninos | Carotenoides,amarillo_dorado,Ocre Dorado Silvestre=#DDA15E;Verde Caqui Barranca=#606C38;Amarillo Tostado Mate=#C68B45,Alumbre de potasio,Lana | Algodón,Media-Alta,Triturar ramillas caídas secas. Hervir durante 1 hora a fuego constante. Teñir fibras mordentadas.,Especie nativa protegida en barrancas. Solo utilizar restos de poda o caídas por tormentas.,Árbol sagrado en los relatos del litoral santafesino; su madera resistente y su corteza tintórea acompañaron al gaucho ribereño.,
tilo,Tilo,Tilia x viridis (syn. Tilia cordata),Malvaceae,Exótica Adaptada,"Árbol noble de sombra tupida, hojas acorazonadas y flores pequeñas amarillentas con una bráctea membranosa que despiden un aroma dulce inconfundible.",Refugio térmico y acústico en el microcentro rosarino; sus flores son fuente inestimable de miel de tilo para apicultura urbana.,"Plaza Pringles (emblema de las tardes perfumadas del centro), Bulevar Oroño, Plaza San Martín y veredas céntricas.",Noviembre y Diciembre (Aroma dulce característico),Caducifolio,🌳,Perfume de Plaza Pringles | Sombra Densa | Hojas Acorazonadas | No Tintórea Textil,no,Experimental,,,amarillo_dorado,,,,Media-Alta,"Se utiliza en infusión medicinal y fitoterapia (propiedades relajantes), pero no como tinte textil fijable.","Los vecinos recolectan flores caídas para té de tilo, respetando la planta.",Caminar por Plaza Pringles o Bv. Oroño a fines de noviembre bajo los tilos en flor es uno de los recuerdos olfativos más entrañables de Rosario.,
tipa,Tipa Blanca,Tipuana tipu,Fabaceae,Nativa (Argentina / Litoral),Árbol monumental de copa amplísima y ramas arqueadas que forman túneles verdes. Produce una resina rojiza al corte y frutos alados en sámara.,El mayor generador de sombra y reducción de calor en avenidas de Rosario. Su follaje denso retiene micropartículas de polución vehicular.,"Símbolo urbano de Rosario: forma la famosa bóveda centenaria de Bulevar Oroño, las veredas de Av. Pellegrini y las sendas del Parque de la Independencia.",Diciembre a Enero (Floración amarillo oro),Semipersistente,🍂,Árbol Símbolo de Oroño | Sombra Monumental | Resina Tintórea | Túnel Verde,sí,Muy Alto,"Corteza exterior desprendida naturalmente | Resina rojiza seca (""sangre de tipa"") | Hojas caídas",Leucoantocianidinas | Taninos condensados | Quercitrina,naranja_terracota,Terracota Ladrillo Cálido=#B35434;Canela Caramelo=#9E472A;Amarillo Ocre Tostado=#C49A45;Castaño Bronce Oscuro=#583626,No requiere (sustantivo natural por taninos) | Alumbre de potasio para resaltar tonalidades terracota,Algodón orgánico | Lino | Lana | Cáñamo,Alta (resistente a luz),Hervir 100g de corteza caída o aserrín de tipa en 3 litros de agua durante 50 minutos hasta que el caldo adquiera un color coñac intenso. Sumergir la tela humedecida y mantener a 75°C durante 1 hora.,"Por ordenanza municipal, está terminantemente prohibido pelar troncos vivos de Bv. Oroño. Se deben usar únicamente trozos de corteza del suelo o restos de ramas podadas caídas.",Las tipas fueron traídas por paisajistas como Carlos Thays a fines del siglo XIX; su resina rojiza fue históricamente empleada para tintes de lonas y cueros en Santa Fe.,
